Name,1000,Total,Num,of,Passengers,26
Name,1001,Total,Num,of,Passengers,3
Name,1003,Total,Num,of,Passengers,16
Name,1005,Total,Num,of,Passengers,15
Name,1000,Total,Num,of,Passengers,19
Name,1001,Total,Num,of,Passengers,6
Name,1001,Total,Num,of,Passengers,15
Name,1003,Total,Num,of,Passengers,14
Name,1005,Total,Num,of,Passengers,15
Name,1000,Total,Num,of,Passengers,21
Name,1001,Total,Num,of,Passengers,8
Name,1003,Total,Num,of,Passengers,21
Name,1005,Total,Num,of,Passengers,11
Name,1000,Total,Num,of,Passengers,11
Name,1001,Total,Num,of,Passengers,6
Name,1003,Total,Num,of,Passengers,15
Name,1005,Total,Num,of,Passengers,9
Name,1000,Total,Num,of,Passengers,26
Name,1001,Total,Num,of,Passengers,2
Name,1003,Total,Num,of,Passengers,14
Name,1005,Total,Num,of,Passengers,11
Name,1000,Total,Num,of,Passengers,22
Name,1001,Total,Num,of,Passengers,7
Name,1003,Total,Num,of,Passengers,11
Name,1005,Total,Num,of,Passengers,16
Name,1000,Total,Num,of,Passengers,25
Name,1001,Total,Num,of,Passengers,8
Name,1001,Total,Num,of,Passengers,7
Name,1003,Total,Num,of,Passengers,15
Name,1005,Total,Num,of,Passengers,9
Name,1000,Total,Num,of,Passengers,22
Name,1001,Total,Num,of,Passengers,13
Name,1003,Total,Num,of,Passengers,12
Name,1005,Total,Num,of,Passengers,10
Name,1000,Total,Num,of,Passengers,21
Name,1001,Total,Num,of,Passengers,7
Name,1003,Total,Num,of,Passengers,13
Name,1005,Total,Num,of,Passengers,9
Name,1000,Total,Num,of,Passengers,20
Name,1001,Total,Num,of,Passengers,9
Name,1003,Total,Num,of,Passengers,13
Name,1005,Total,Num,of,Passengers,11
Name,1000,Total,Num,of,Passengers,17
Name,1001,Total,Num,of,Passengers,5
Name,1003,Total,Num,of,Passengers,6
Name,1005,Total,Num,of,Passengers,16
Name,1000,Total,Num,of,Passengers,26
Name,1001,Total,Num,of,Passengers,7
Name,1003,Total,Num,of,Passengers,18
Name,1005,Total,Num,of,Passengers,13
Name,1000,Total,Num,of,Passengers,23
Name,1001,Total,Num,of,Passengers,9
Name,1003,Total,Num,of,Passengers,11
Name,1005,Total,Num,of,Passengers,9
Name,1000,Total,Num,of,Passengers,26
Name,1001,Total,Num,of,Passengers,7
Name,1001,Total,Num,of,Passengers,6
Name,1003,Total,Num,of,Passengers,13
Name,1005,Total,Num,of,Passengers,6
Name,1000,Total,Num,of,Passengers,22
Name,1001,Total,Num,of,Passengers,10
Name,1003,Total,Num,of,Passengers,17
Name,1005,Total,Num,of,Passengers,17
Name,1000,Total,Num,of,Passengers,24
Name,1001,Total,Num,of,Passengers,4
Name,1003,Total,Num,of,Passengers,12
Name,1005,Total,Num,of,Passengers,8
Name,1000,Total,Num,of,Passengers,20
Name,1001,Total,Num,of,Passengers,10
Name,1003,Total,Num,of,Passengers,10
Name,1005,Total,Num,of,Passengers,16
Name,1000,Total,Num,of,Passengers,20
